{"name":"uci_monks-problems","title":"MONK's Problems","description":"A set of three artificial domains over the same attribute space; Used to test a wide range of induction algorithms\n\nA set of three artificial domains over the same attribute space; Used to test a wide range of induction algorithms# Source:\nDonor: \nSebastian ThrunSchool of Computer ScienceCarnegie Mellon UniversityPittsburgh, PA 15213, USAE-mail: \nthrun '@' cs.cmu.edu\n# Data Set Information:\nThe MONK's problem were the basis of a first international comparison of learning algorithms. The result of this comparison is summarized in \"The MONK's Problems - A Performance Comparison of Different Learning algorithms\" by S.B. Thrun, J. Bala, E. Bloedorn, I. Bratko, B. Cestnik, J. Cheng, K. De Jong, S. Dzeroski, S.E. Fahlman, D. Fisher, R. Hamann, K. Kaufman, S. Keller, I. Kononenko, J. Kreuziger, R.S. Michalski, T. Mitchell, P. Pachowicz, Y. Reich H. Vafaie, W. Van de Welde, W. Wenzel, J. Wnek, and J. Zhang has been published as Technical Report CS-CMU-91-197, Carnegie Mellon University in Dec. 1991.\nOne significant characteristic of this comparison is that it was performed by a collection of researchers, each of whom was an advocate of the technique they tested (often they were the creators of the various methods). In this sense, the results are less biased than in comparisons performed by a single person advocating a specific learning method, and more accurately reflect the generalization behavior of the learning techniques as applied by knowledgeable users.\nThere are three MONK's problems. The domains for all MONK's problems are the same (described below). One of the MONK's problems has noise added. For each problem, the domain has been partitioned into a train and test set.\n# Attribute Information:\n  1. class: 0, 1   2. a1:  1, 2, 3  3. a2:  1, 2, 3  4. a3:  1, 2  5. a4:  1, 2, 3  6. a5:  1, 2, 3, 4  7. a6:  1, 2  8. Id:  (A unique symbol for each instance)\n# Relevant Papers:\nWnek, J., \"Hypothesis-driven Constructive Induction,\" PhD dissertation, School of Information Technology and Engineering, Reports of Machine Learning and Inference Laboratory, MLI 93-2, Center for Artificial Intelligence, George Mason University, March 1993. \nWnek, J. and Michalski, R.S., \"Comparing Symbolic and Subsymbolic Learning: Three Studies,\" in Machine Learning: A Multistrategy Approach, Vol. 4., R.S. Michalski and G. Tecuci (Eds.), Morgan Kaufmann, San Mateo, CA, 1993. \nSee File: thrun.comparison.ps.Z\n# Papers That Cite This Data Set1:\nJianbin Tan and David L. Dowe. MML Inference of Decision Graphs with Multi-way Joins and Dynamic Attributes. Australian Conference on Artificial Intelligence. 2003.\n * Wl/odzisl/aw Duch and Karol Grudzinski. Ensembles of Similarity-based Models. Intelligent Information Systems. 2001.\n * Mark A. Hall. Department of Computer Science Hamilton, NewZealand Correlation-based Feature Selection for Machine Learning. Doctor of Philosophy at The University of Waikato. 1999.\n * Alexey Tsymbal and Seppo Puuronen and Vagan Y. Terziyan. Arbiter Meta-Learning with Dynamic Selection of Classifiers and Its Experimental Investigation. ADBIS. 1999.\n * Blai Bonet and Hector Geffner. Learning Sorting and Decision Trees with POMDPs. ICML. 1998.\n * Jan C. Bioch and D. Meer and Rob Potharst. Bivariate Decision Trees. PKDD. 1997.\n * Ron Kohavi. The Power of Decision Tables. ECML. 1995.\n * Geoffrey I. Webb. OPUS: An Efficient Admissible Algorithm for Unordered Search. J. Artif. Intell. Res. (JAIR, 3. 1995.\n * Wl/odzisl/aw Duch and Karol Grudzinski. Meta-learning: searching in the model space. Department of Computer Methods, Nicholas Copernicus University.\n * Ron Kohavi and Brian Frasca. Useful Feature Subsets and Rough Set Reducts. the Third International Workshop on Rough Sets and Soft Computing.\n * Chotirat Ann and Dimitrios Gunopulos. Scaling up the Naive Bayesian Classifier: Using Decision Trees for Feature Selection. Computer Science Department University of California.\n * Wl odzisl/aw Duch and Rafal Adamczak and Krzysztof Grabczewski and Norbert Jankowski. Control and Cybernetics. Department of Computer Methods, Nicholas Copernicus University.\n * Ron Kohavi and Dan Sommerfield. To Appear in KDD-98 Targeting Business Users with Decision Table Classifiers. Data Mining and Visualization Silicon Graphics, Inc.\n * Wl odzisl and Rafal Adamczak and Krzysztof Grabczewski and Grzegorz Zal. A hybrid method for extraction of logical rules from data. Department of Computer Methods, Nicholas Copernicus University.\n * Karol Grudzi nski and Wl/odzisl/aw Duch. SBL-PM: A Simple Algorithm for Selection of Reference Instances in Similarity Based Methods. Department of Computer Methods, Nicholas Copernicus University.\n\n# Citation Request:\nPlease refer to the Machine Learning [Repository's citation policy.](http://archive.ics.uci.edu/ml/citation_policy.html)\n[1] Papers were automatically harvested and associated with this data set, in collaborationwith [Rexa.info](http://rexa.info/)\n\n**_Source:_** http://archive.ics.uci.edu/ml/datasets/MONK%27s+Problems","homepage":"https://data.world/uci/monks-problems","license":"Other","resources":[{"name":"monks_1_test","schema":{"fields":[{"name":"column_a","title":"Column A","type":"boolean","rdfType":"http://www.w3.org/2001/XMLSchema#boolean","dwSourceId":"column_a"},{"name":"column_b","title":"Column B","type":"integer","rdfType":"http://www.w3.org/2001/XMLSchema#integer","dwSourceId":"column_b"},{"name":"column_c","title":"Column C","type":"integer","rdfType":"http://www.w3.org/2001/XMLSchema#integer","dwSourceId":"column_c"},{"name":"column_d","title":"Column D","type":"integer","rdfType":"http://www.w3.org/2001/XMLSchema#integer","dwSourceId":"column_d"},{"name":"column_e","title":"Column E","type":"integer","rdfType":"http://www.w3.org/2001/XMLSchema#integer","dwSourceId":"column_e"},{"name":"column_f","title":"Column F","type":"integer","rdfType":"http://www.w3.org/2001/XMLSchema#integer","dwSourceId":"column_f"},{"name":"column_g","title":"Column G","type":"integer","rdfType":"http://www.w3.org/2001/XMLSchema#integer","dwSourceId":"column_g"},{"name":"column_h","title":"Column H","type":"string","rdfType":"http://www.w3.org/2001/XMLSchema#string","dwSourceId":"column_h"}]},"path":"data/monks_1_test.csv","format":"csv"},{"name":"monks_1_train","schema":{"fields":[{"name":"column_a","title":"Column A","type":"boolean","rdfType":"http://www.w3.org/2001/XMLSchema#boolean","dwSourceId":"column_a"},{"name":"column_b","title":"Column B","type":"integer","rdfType":"http://www.w3.org/2001/XMLSchema#integer","dwSourceId":"column_b"},{"name":"column_c","title":"Column C","type":"integer","rdfType":"http://www.w3.org/2001/XMLSchema#integer","dwSourceId":"column_c"},{"name":"column_d","title":"Column D","type":"integer","rdfType":"http://www.w3.org/2001/XMLSchema#integer","dwSourceId":"column_d"},{"name":"column_e","title":"Column E","type":"integer","rdfType":"http://www.w3.org/2001/XMLSchema#integer","dwSourceId":"column_e"},{"name":"column_f","title":"Column F","type":"integer","rdfType":"http://www.w3.org/2001/XMLSchema#integer","dwSourceId":"column_f"},{"name":"column_g","title":"Column G","type":"integer","rdfType":"http://www.w3.org/2001/XMLSchema#integer","dwSourceId":"column_g"},{"name":"column_h","title":"Column H","type":"string","rdfType":"http://www.w3.org/2001/XMLSchema#string","dwSourceId":"column_h"}]},"path":"data/monks_1_train.csv","format":"csv"},{"name":"monks_2_test","schema":{"fields":[{"name":"column_a","title":"Column A","type":"boolean","rdfType":"http://www.w3.org/2001/XMLSchema#boolean","dwSourceId":"column_a"},{"name":"column_b","title":"Column B","type":"integer","rdfType":"http://www.w3.org/2001/XMLSchema#integer","dwSourceId":"column_b"},{"name":"column_c","title":"Column C","type":"integer","rdfType":"http://www.w3.org/2001/XMLSchema#integer","dwSourceId":"column_c"},{"name":"column_d","title":"Column D","type":"integer","rdfType":"http://www.w3.org/2001/XMLSchema#integer","dwSourceId":"column_d"},{"name":"column_e","title":"Column E","type":"integer","rdfType":"http://www.w3.org/2001/XMLSchema#integer","dwSourceId":"column_e"},{"name":"column_f","title":"Column F","type":"integer","rdfType":"http://www.w3.org/2001/XMLSchema#integer","dwSourceId":"column_f"},{"name":"column_g","title":"Column G","type":"integer","rdfType":"http://www.w3.org/2001/XMLSchema#integer","dwSourceId":"column_g"},{"name":"column_h","title":"Column H","type":"string","rdfType":"http://www.w3.org/2001/XMLSchema#string","dwSourceId":"column_h"}]},"path":"data/monks_2_test.csv","format":"csv"},{"name":"monks_2_train","schema":{"fields":[{"name":"column_a","title":"Column A","type":"boolean","rdfType":"http://www.w3.org/2001/XMLSchema#boolean","dwSourceId":"column_a"},{"name":"column_b","title":"Column B","type":"integer","rdfType":"http://www.w3.org/2001/XMLSchema#integer","dwSourceId":"column_b"},{"name":"column_c","title":"Column C","type":"integer","rdfType":"http://www.w3.org/2001/XMLSchema#integer","dwSourceId":"column_c"},{"name":"column_d","title":"Column D","type":"integer","rdfType":"http://www.w3.org/2001/XMLSchema#integer","dwSourceId":"column_d"},{"name":"column_e","title":"Column E","type":"integer","rdfType":"http://www.w3.org/2001/XMLSchema#integer","dwSourceId":"column_e"},{"name":"column_f","title":"Column F","type":"integer","rdfType":"http://www.w3.org/2001/XMLSchema#integer","dwSourceId":"column_f"},{"name":"column_g","title":"Column G","type":"integer","rdfType":"http://www.w3.org/2001/XMLSchema#integer","dwSourceId":"column_g"},{"name":"column_h","title":"Column H","type":"string","rdfType":"http://www.w3.org/2001/XMLSchema#string","dwSourceId":"column_h"}]},"path":"data/monks_2_train.csv","format":"csv"},{"name":"monks_3_test","schema":{"fields":[{"name":"column_a","title":"Column A","type":"boolean","rdfType":"http://www.w3.org/2001/XMLSchema#boolean","dwSourceId":"column_a"},{"name":"column_b","title":"Column B","type":"integer","rdfType":"http://www.w3.org/2001/XMLSchema#integer","dwSourceId":"column_b"},{"name":"column_c","title":"Column C","type":"integer","rdfType":"http://www.w3.org/2001/XMLSchema#integer","dwSourceId":"column_c"},{"name":"column_d","title":"Column D","type":"integer","rdfType":"http://www.w3.org/2001/XMLSchema#integer","dwSourceId":"column_d"},{"name":"column_e","title":"Column E","type":"integer","rdfType":"http://www.w3.org/2001/XMLSchema#integer","dwSourceId":"column_e"},{"name":"column_f","title":"Column F","type":"integer","rdfType":"http://www.w3.org/2001/XMLSchema#integer","dwSourceId":"column_f"},{"name":"column_g","title":"Column G","type":"integer","rdfType":"http://www.w3.org/2001/XMLSchema#integer","dwSourceId":"column_g"},{"name":"column_h","title":"Column H","type":"string","rdfType":"http://www.w3.org/2001/XMLSchema#string","dwSourceId":"column_h"}]},"path":"data/monks_3_test.csv","format":"csv"},{"name":"monks_3_train","schema":{"fields":[{"name":"column_a","title":"Column A","type":"boolean","rdfType":"http://www.w3.org/2001/XMLSchema#boolean","dwSourceId":"column_a"},{"name":"column_b","title":"Column B","type":"integer","rdfType":"http://www.w3.org/2001/XMLSchema#integer","dwSourceId":"column_b"},{"name":"column_c","title":"Column C","type":"integer","rdfType":"http://www.w3.org/2001/XMLSchema#integer","dwSourceId":"column_c"},{"name":"column_d","title":"Column D","type":"integer","rdfType":"http://www.w3.org/2001/XMLSchema#integer","dwSourceId":"column_d"},{"name":"column_e","title":"Column E","type":"integer","rdfType":"http://www.w3.org/2001/XMLSchema#integer","dwSourceId":"column_e"},{"name":"column_f","title":"Column F","type":"integer","rdfType":"http://www.w3.org/2001/XMLSchema#integer","dwSourceId":"column_f"},{"name":"column_g","title":"Column G","type":"integer","rdfType":"http://www.w3.org/2001/XMLSchema#integer","dwSourceId":"column_g"},{"name":"column_h","title":"Column H","type":"string","rdfType":"http://www.w3.org/2001/XMLSchema#string","dwSourceId":"column_h"}]},"path":"data/monks_3_train.csv","format":"csv"},{"name":"original/Index.txt","path":"original/Index.txt","format":"txt","mediatype":"text/plain","bytes":405},{"name":"original/monks-1.test.csv","path":"original/monks-1.test.csv","format":"csv","mediatype":"text/csv","bytes":10260},{"name":"original/monks-1.train.csv","path":"original/monks-1.train.csv","format":"csv","mediatype":"text/csv","bytes":2947},{"name":"original/monks-2.test.csv","path":"original/monks-2.test.csv","format":"csv","mediatype":"text/csv","bytes":10260},{"name":"original/monks-2.train.csv","path":"original/monks-2.train.csv","format":"csv","mediatype":"text/csv","bytes":4013},{"name":"original/monks-3.test.csv","path":"original/monks-3.test.csv","format":"csv","mediatype":"text/csv","bytes":10260},{"name":"original/monks-3.train.csv","path":"original/monks-3.train.csv","format":"csv","mediatype":"text/csv","bytes":2886},{"name":"original/monks.names.txt","path":"original/monks.names.txt","format":"txt","mediatype":"text/plain","bytes":2852},{"name":"original/thrun.comparison.dat.txt","path":"original/thrun.comparison.dat.txt","format":"txt","mediatype":"text/plain","bytes":57073},{"name":"original/thrun.comparison.ps","path":"original/thrun.comparison.ps","format":"ps","mediatype":"application/postscript","bytes":1952771},{"name":"original/update.txt","path":"original/update.txt","format":"txt","mediatype":"text/plain","bytes":10227}],"keywords":["uci","categorical","classification"]}